fold,target_bin,sample_count
0,0,207
0,1,206
0,2,166
0,3,224
0,4,158
0,5,220
0,6,198
0,7,142
0,8,190
0,9,163
0,10,245
0,11,166
0,12,181
0,13,204
0,14,154
0,15,202
0,16,183
0,17,193
0,18,193
0,19,200
1,0,180
1,1,182
1,2,182
1,3,216
1,4,172
1,5,218
1,6,195
1,7,148
1,8,189
1,9,202
1,10,217
1,11,196
1,12,155
1,13,231
1,14,156
1,15,195
1,16,186
1,17,191
1,18,180
1,19,184
2,0,216
2,1,187
2,2,151
2,3,210
2,4,158
2,5,263
2,6,203
2,7,139
2,8,188
2,9,211
2,10,237
2,11,158
2,12,165
2,13,216
2,14,151
2,15,200
2,16,187
2,17,196
2,18,174
2,19,179
3,0,186
3,1,214
3,2,178
3,3,215
3,4,157
3,5,212
3,6,209
3,7,130
3,8,200
3,9,183
3,10,225
3,11,185
3,12,175
3,13,213
3,14,176
3,15,190
3,16,190
3,17,190
3,18,179
3,19,181
4,0,198
4,1,218
4,2,186
4,3,214
4,4,157
4,5,226
4,6,187
4,7,147
4,8,200
4,9,181
4,10,230
4,11,171
4,12,158
4,13,197
4,14,156
4,15,180
4,16,191
4,17,185
4,18,200
4,19,199
