space_group_number	space_group_id	space_group_symbol	crystal_system	bravais_lattice	lattice_node_id	legacy_pyxtal_lattice_id
1	SG:001	P1	triclinic	aP	LATTICE_TYPE:aP	0
2	SG:002	P-1	triclinic	aP	LATTICE_TYPE:aP	0
3	SG:003	P2	monoclinic	mP	LATTICE_TYPE:mP	1
4	SG:004	P21	monoclinic	mP	LATTICE_TYPE:mP	1
5	SG:005	C2	monoclinic	mC	LATTICE_TYPE:mC	2
6	SG:006	Pm	monoclinic	mP	LATTICE_TYPE:mP	1
7	SG:007	Pc	monoclinic	mP	LATTICE_TYPE:mP	1
8	SG:008	Cm	monoclinic	mC	LATTICE_TYPE:mC	2
9	SG:009	Cc	monoclinic	mC	LATTICE_TYPE:mC	2
10	SG:010	P2/m	monoclinic	mP	LATTICE_TYPE:mP	1
11	SG:011	P21/m	monoclinic	mP	LATTICE_TYPE:mP	1
12	SG:012	C2/m	monoclinic	mC	LATTICE_TYPE:mC	2
13	SG:013	P2/c	monoclinic	mP	LATTICE_TYPE:mP	1
14	SG:014	P21/c	monoclinic	mP	LATTICE_TYPE:mP	1
15	SG:015	C2/c	monoclinic	mC	LATTICE_TYPE:mC	2
16	SG:016	P222	orthorhombic	oP	LATTICE_TYPE:oP	3
17	SG:017	P2221	orthorhombic	oP	LATTICE_TYPE:oP	3
18	SG:018	P21212	orthorhombic	oP	LATTICE_TYPE:oP	3
19	SG:019	P212121	orthorhombic	oP	LATTICE_TYPE:oP	3
20	SG:020	C2221	orthorhombic	oC	LATTICE_TYPE:oC	6
21	SG:021	C222	orthorhombic	oC	LATTICE_TYPE:oC	6
22	SG:022	F222	orthorhombic	oF	LATTICE_TYPE:oF	8
23	SG:023	I222	orthorhombic	oI	LATTICE_TYPE:oI	7
24	SG:024	I212121	orthorhombic	oI	LATTICE_TYPE:oI	7
25	SG:025	Pmm2	orthorhombic	oP	LATTICE_TYPE:oP	3
26	SG:026	Pmc21	orthorhombic	oP	LATTICE_TYPE:oP	3
27	SG:027	Pcc2	orthorhombic	oP	LATTICE_TYPE:oP	3
28	SG:028	Pma2	orthorhombic	oP	LATTICE_TYPE:oP	3
29	SG:029	Pca21	orthorhombic	oP	LATTICE_TYPE:oP	3
30	SG:030	Pnc2	orthorhombic	oP	LATTICE_TYPE:oP	3
31	SG:031	Pmn21	orthorhombic	oP	LATTICE_TYPE:oP	3
32	SG:032	Pba2	orthorhombic	oP	LATTICE_TYPE:oP	3
33	SG:033	Pna21	orthorhombic	oP	LATTICE_TYPE:oP	3
34	SG:034	Pnn2	orthorhombic	oP	LATTICE_TYPE:oP	3
35	SG:035	Cmm2	orthorhombic	oC	LATTICE_TYPE:oC	6
36	SG:036	Cmc21	orthorhombic	oC	LATTICE_TYPE:oC	6
37	SG:037	Ccc2	orthorhombic	oC	LATTICE_TYPE:oC	6
38	SG:038	Amm2	orthorhombic	oC	LATTICE_TYPE:oC	4
39	SG:039	Aem2	orthorhombic	oC	LATTICE_TYPE:oC	4
40	SG:040	Ama2	orthorhombic	oC	LATTICE_TYPE:oC	4
41	SG:041	Aea2	orthorhombic	oC	LATTICE_TYPE:oC	4
42	SG:042	Fmm2	orthorhombic	oF	LATTICE_TYPE:oF	8
43	SG:043	Fdd2	orthorhombic	oF	LATTICE_TYPE:oF	8
44	SG:044	Imm2	orthorhombic	oI	LATTICE_TYPE:oI	7
45	SG:045	Iba2	orthorhombic	oI	LATTICE_TYPE:oI	7
46	SG:046	Ima2	orthorhombic	oI	LATTICE_TYPE:oI	7
47	SG:047	Pmmm	orthorhombic	oP	LATTICE_TYPE:oP	3
48	SG:048	Pnnn	orthorhombic	oP	LATTICE_TYPE:oP	3
49	SG:049	Pccm	orthorhombic	oP	LATTICE_TYPE:oP	3
50	SG:050	Pban	orthorhombic	oP	LATTICE_TYPE:oP	3
51	SG:051	Pmma	orthorhombic	oP	LATTICE_TYPE:oP	3
52	SG:052	Pnna	orthorhombic	oP	LATTICE_TYPE:oP	3
53	SG:053	Pmna	orthorhombic	oP	LATTICE_TYPE:oP	3
54	SG:054	Pcca	orthorhombic	oP	LATTICE_TYPE:oP	3
55	SG:055	Pbam	orthorhombic	oP	LATTICE_TYPE:oP	3
56	SG:056	Pccn	orthorhombic	oP	LATTICE_TYPE:oP	3
57	SG:057	Pbcm	orthorhombic	oP	LATTICE_TYPE:oP	3
58	SG:058	Pnnm	orthorhombic	oP	LATTICE_TYPE:oP	3
59	SG:059	Pmmn	orthorhombic	oP	LATTICE_TYPE:oP	3
60	SG:060	Pbcn	orthorhombic	oP	LATTICE_TYPE:oP	3
61	SG:061	Pbca	orthorhombic	oP	LATTICE_TYPE:oP	3
62	SG:062	Pnma	orthorhombic	oP	LATTICE_TYPE:oP	3
63	SG:063	Cmcm	orthorhombic	oC	LATTICE_TYPE:oC	6
64	SG:064	Cmce	orthorhombic	oC	LATTICE_TYPE:oC	6
65	SG:065	Cmmm	orthorhombic	oC	LATTICE_TYPE:oC	6
66	SG:066	Cccm	orthorhombic	oC	LATTICE_TYPE:oC	6
67	SG:067	Cmme	orthorhombic	oC	LATTICE_TYPE:oC	6
68	SG:068	Ccce	orthorhombic	oC	LATTICE_TYPE:oC	6
69	SG:069	Fmmm	orthorhombic	oF	LATTICE_TYPE:oF	8
70	SG:070	Fddd	orthorhombic	oF	LATTICE_TYPE:oF	8
71	SG:071	Immm	orthorhombic	oI	LATTICE_TYPE:oI	7
72	SG:072	Ibam	orthorhombic	oI	LATTICE_TYPE:oI	7
73	SG:073	Ibca	orthorhombic	oI	LATTICE_TYPE:oI	7
74	SG:074	Imma	orthorhombic	oI	LATTICE_TYPE:oI	7
75	SG:075	P4	tetragonal	tP	LATTICE_TYPE:tP	9
76	SG:076	P41	tetragonal	tP	LATTICE_TYPE:tP	9
77	SG:077	P42	tetragonal	tP	LATTICE_TYPE:tP	9
78	SG:078	P43	tetragonal	tP	LATTICE_TYPE:tP	9
79	SG:079	I4	tetragonal	tI	LATTICE_TYPE:tI	10
80	SG:080	I41	tetragonal	tI	LATTICE_TYPE:tI	10
81	SG:081	P-4	tetragonal	tP	LATTICE_TYPE:tP	9
82	SG:082	I-4	tetragonal	tI	LATTICE_TYPE:tI	10
83	SG:083	P4/m	tetragonal	tP	LATTICE_TYPE:tP	9
84	SG:084	P42/m	tetragonal	tP	LATTICE_TYPE:tP	9
85	SG:085	P4/n	tetragonal	tP	LATTICE_TYPE:tP	9
86	SG:086	P42/n	tetragonal	tP	LATTICE_TYPE:tP	9
87	SG:087	I4/m	tetragonal	tI	LATTICE_TYPE:tI	10
88	SG:088	I41/a	tetragonal	tI	LATTICE_TYPE:tI	10
89	SG:089	P422	tetragonal	tP	LATTICE_TYPE:tP	9
90	SG:090	P4212	tetragonal	tP	LATTICE_TYPE:tP	9
91	SG:091	P4122	tetragonal	tP	LATTICE_TYPE:tP	9
92	SG:092	P41212	tetragonal	tP	LATTICE_TYPE:tP	9
93	SG:093	P4222	tetragonal	tP	LATTICE_TYPE:tP	9
94	SG:094	P42212	tetragonal	tP	LATTICE_TYPE:tP	9
95	SG:095	P4322	tetragonal	tP	LATTICE_TYPE:tP	9
96	SG:096	P43212	tetragonal	tP	LATTICE_TYPE:tP	9
97	SG:097	I422	tetragonal	tI	LATTICE_TYPE:tI	10
98	SG:098	I4122	tetragonal	tI	LATTICE_TYPE:tI	10
99	SG:099	P4mm	tetragonal	tP	LATTICE_TYPE:tP	9
100	SG:100	P4bm	tetragonal	tP	LATTICE_TYPE:tP	9
101	SG:101	P42cm	tetragonal	tP	LATTICE_TYPE:tP	9
102	SG:102	P42nm	tetragonal	tP	LATTICE_TYPE:tP	9
103	SG:103	P4cc	tetragonal	tP	LATTICE_TYPE:tP	9
104	SG:104	P4nc	tetragonal	tP	LATTICE_TYPE:tP	9
105	SG:105	P42mc	tetragonal	tP	LATTICE_TYPE:tP	9
106	SG:106	P42bc	tetragonal	tP	LATTICE_TYPE:tP	9
107	SG:107	I4mm	tetragonal	tI	LATTICE_TYPE:tI	10
108	SG:108	I4cm	tetragonal	tI	LATTICE_TYPE:tI	10
109	SG:109	I41md	tetragonal	tI	LATTICE_TYPE:tI	10
110	SG:110	I41cd	tetragonal	tI	LATTICE_TYPE:tI	10
111	SG:111	P-42m	tetragonal	tP	LATTICE_TYPE:tP	9
112	SG:112	P-42c	tetragonal	tP	LATTICE_TYPE:tP	9
113	SG:113	P-421m	tetragonal	tP	LATTICE_TYPE:tP	9
114	SG:114	P-421c	tetragonal	tP	LATTICE_TYPE:tP	9
115	SG:115	P-4m2	tetragonal	tP	LATTICE_TYPE:tP	9
116	SG:116	P-4c2	tetragonal	tP	LATTICE_TYPE:tP	9
117	SG:117	P-4b2	tetragonal	tP	LATTICE_TYPE:tP	9
118	SG:118	P-4n2	tetragonal	tP	LATTICE_TYPE:tP	9
119	SG:119	I-4m2	tetragonal	tI	LATTICE_TYPE:tI	10
120	SG:120	I-4c2	tetragonal	tI	LATTICE_TYPE:tI	10
121	SG:121	I-42m	tetragonal	tI	LATTICE_TYPE:tI	10
122	SG:122	I-42d	tetragonal	tI	LATTICE_TYPE:tI	10
123	SG:123	P4/mmm	tetragonal	tP	LATTICE_TYPE:tP	9
124	SG:124	P4/mcc	tetragonal	tP	LATTICE_TYPE:tP	9
125	SG:125	P4/nbm	tetragonal	tP	LATTICE_TYPE:tP	9
126	SG:126	P4/nnc	tetragonal	tP	LATTICE_TYPE:tP	9
127	SG:127	P4/mbm	tetragonal	tP	LATTICE_TYPE:tP	9
128	SG:128	P4/mnc	tetragonal	tP	LATTICE_TYPE:tP	9
129	SG:129	P4/nmm	tetragonal	tP	LATTICE_TYPE:tP	9
130	SG:130	P4/ncc	tetragonal	tP	LATTICE_TYPE:tP	9
131	SG:131	P42/mmc	tetragonal	tP	LATTICE_TYPE:tP	9
132	SG:132	P42/mcm	tetragonal	tP	LATTICE_TYPE:tP	9
133	SG:133	P42/nbc	tetragonal	tP	LATTICE_TYPE:tP	9
134	SG:134	P42/nnm	tetragonal	tP	LATTICE_TYPE:tP	9
135	SG:135	P42/mbc	tetragonal	tP	LATTICE_TYPE:tP	9
136	SG:136	P42/mnm	tetragonal	tP	LATTICE_TYPE:tP	9
137	SG:137	P42/nmc	tetragonal	tP	LATTICE_TYPE:tP	9
138	SG:138	P42/ncm	tetragonal	tP	LATTICE_TYPE:tP	9
139	SG:139	I4/mmm	tetragonal	tI	LATTICE_TYPE:tI	10
140	SG:140	I4/mcm	tetragonal	tI	LATTICE_TYPE:tI	10
141	SG:141	I41/amd	tetragonal	tI	LATTICE_TYPE:tI	10
142	SG:142	I41/acd	tetragonal	tI	LATTICE_TYPE:tI	10
143	SG:143	P3	trigonal	hP	LATTICE_TYPE:hP	11
144	SG:144	P31	trigonal	hP	LATTICE_TYPE:hP	11
145	SG:145	P32	trigonal	hP	LATTICE_TYPE:hP	11
146	SG:146	R3	trigonal	hR	LATTICE_TYPE:hR	12
147	SG:147	P-3	trigonal	hP	LATTICE_TYPE:hP	11
148	SG:148	R-3	trigonal	hR	LATTICE_TYPE:hR	12
149	SG:149	P312	trigonal	hP	LATTICE_TYPE:hP	11
150	SG:150	P321	trigonal	hP	LATTICE_TYPE:hP	11
151	SG:151	P3112	trigonal	hP	LATTICE_TYPE:hP	11
152	SG:152	P3121	trigonal	hP	LATTICE_TYPE:hP	11
153	SG:153	P3212	trigonal	hP	LATTICE_TYPE:hP	11
154	SG:154	P3221	trigonal	hP	LATTICE_TYPE:hP	11
155	SG:155	R32	trigonal	hR	LATTICE_TYPE:hR	12
156	SG:156	P3m1	trigonal	hP	LATTICE_TYPE:hP	11
157	SG:157	P31m	trigonal	hP	LATTICE_TYPE:hP	11
158	SG:158	P3c1	trigonal	hP	LATTICE_TYPE:hP	11
159	SG:159	P31c	trigonal	hP	LATTICE_TYPE:hP	11
160	SG:160	R3m	trigonal	hR	LATTICE_TYPE:hR	12
161	SG:161	R3c	trigonal	hR	LATTICE_TYPE:hR	12
162	SG:162	P-31m	trigonal	hP	LATTICE_TYPE:hP	11
163	SG:163	P-31c	trigonal	hP	LATTICE_TYPE:hP	11
164	SG:164	P-3m1	trigonal	hP	LATTICE_TYPE:hP	11
165	SG:165	P-3c1	trigonal	hP	LATTICE_TYPE:hP	11
166	SG:166	R-3m	trigonal	hR	LATTICE_TYPE:hR	12
167	SG:167	R-3c	trigonal	hR	LATTICE_TYPE:hR	12
168	SG:168	P6	hexagonal	hP	LATTICE_TYPE:hP	11
169	SG:169	P61	hexagonal	hP	LATTICE_TYPE:hP	11
170	SG:170	P65	hexagonal	hP	LATTICE_TYPE:hP	11
171	SG:171	P62	hexagonal	hP	LATTICE_TYPE:hP	11
172	SG:172	P64	hexagonal	hP	LATTICE_TYPE:hP	11
173	SG:173	P63	hexagonal	hP	LATTICE_TYPE:hP	11
174	SG:174	P-6	hexagonal	hP	LATTICE_TYPE:hP	11
175	SG:175	P6/m	hexagonal	hP	LATTICE_TYPE:hP	11
176	SG:176	P63/m	hexagonal	hP	LATTICE_TYPE:hP	11
177	SG:177	P622	hexagonal	hP	LATTICE_TYPE:hP	11
178	SG:178	P6122	hexagonal	hP	LATTICE_TYPE:hP	11
179	SG:179	P6522	hexagonal	hP	LATTICE_TYPE:hP	11
180	SG:180	P6222	hexagonal	hP	LATTICE_TYPE:hP	11
181	SG:181	P6422	hexagonal	hP	LATTICE_TYPE:hP	11
182	SG:182	P6322	hexagonal	hP	LATTICE_TYPE:hP	11
183	SG:183	P6mm	hexagonal	hP	LATTICE_TYPE:hP	11
184	SG:184	P6cc	hexagonal	hP	LATTICE_TYPE:hP	11
185	SG:185	P63cm	hexagonal	hP	LATTICE_TYPE:hP	11
186	SG:186	P63mc	hexagonal	hP	LATTICE_TYPE:hP	11
187	SG:187	P-6m2	hexagonal	hP	LATTICE_TYPE:hP	11
188	SG:188	P-6c2	hexagonal	hP	LATTICE_TYPE:hP	11
189	SG:189	P-62m	hexagonal	hP	LATTICE_TYPE:hP	11
190	SG:190	P-62c	hexagonal	hP	LATTICE_TYPE:hP	11
191	SG:191	P6/mmm	hexagonal	hP	LATTICE_TYPE:hP	11
192	SG:192	P6/mcc	hexagonal	hP	LATTICE_TYPE:hP	11
193	SG:193	P63/mcm	hexagonal	hP	LATTICE_TYPE:hP	11
194	SG:194	P63/mmc	hexagonal	hP	LATTICE_TYPE:hP	11
195	SG:195	P23	cubic	cP	LATTICE_TYPE:cP	13
196	SG:196	F23	cubic	cF	LATTICE_TYPE:cF	15
197	SG:197	I23	cubic	cI	LATTICE_TYPE:cI	14
198	SG:198	P213	cubic	cP	LATTICE_TYPE:cP	13
199	SG:199	I213	cubic	cI	LATTICE_TYPE:cI	14
200	SG:200	Pm-3	cubic	cP	LATTICE_TYPE:cP	13
201	SG:201	Pn-3	cubic	cP	LATTICE_TYPE:cP	13
202	SG:202	Fm-3	cubic	cF	LATTICE_TYPE:cF	15
203	SG:203	Fd-3	cubic	cF	LATTICE_TYPE:cF	15
204	SG:204	Im-3	cubic	cI	LATTICE_TYPE:cI	14
205	SG:205	Pa-3	cubic	cP	LATTICE_TYPE:cP	13
206	SG:206	Ia-3	cubic	cI	LATTICE_TYPE:cI	14
207	SG:207	P432	cubic	cP	LATTICE_TYPE:cP	13
208	SG:208	P4232	cubic	cP	LATTICE_TYPE:cP	13
209	SG:209	F432	cubic	cF	LATTICE_TYPE:cF	15
210	SG:210	F4132	cubic	cF	LATTICE_TYPE:cF	15
211	SG:211	I432	cubic	cI	LATTICE_TYPE:cI	14
212	SG:212	P4332	cubic	cP	LATTICE_TYPE:cP	13
213	SG:213	P4132	cubic	cP	LATTICE_TYPE:cP	13
214	SG:214	I4132	cubic	cI	LATTICE_TYPE:cI	14
215	SG:215	P-43m	cubic	cP	LATTICE_TYPE:cP	13
216	SG:216	F-43m	cubic	cF	LATTICE_TYPE:cF	15
217	SG:217	I-43m	cubic	cI	LATTICE_TYPE:cI	14
218	SG:218	P-43n	cubic	cP	LATTICE_TYPE:cP	13
219	SG:219	F-43c	cubic	cF	LATTICE_TYPE:cF	15
220	SG:220	I-43d	cubic	cI	LATTICE_TYPE:cI	14
221	SG:221	Pm-3m	cubic	cP	LATTICE_TYPE:cP	13
222	SG:222	Pn-3n	cubic	cP	LATTICE_TYPE:cP	13
223	SG:223	Pm-3n	cubic	cP	LATTICE_TYPE:cP	13
224	SG:224	Pn-3m	cubic	cP	LATTICE_TYPE:cP	13
225	SG:225	Fm-3m	cubic	cF	LATTICE_TYPE:cF	15
226	SG:226	Fm-3c	cubic	cF	LATTICE_TYPE:cF	15
227	SG:227	Fd-3m	cubic	cF	LATTICE_TYPE:cF	15
228	SG:228	Fd-3c	cubic	cF	LATTICE_TYPE:cF	15
229	SG:229	Im-3m	cubic	cI	LATTICE_TYPE:cI	14
230	SG:230	Ia-3d	cubic	cI	LATTICE_TYPE:cI	14
