id	x0	x1	x2	x3	x4	x5	x6	x7	x8	x9	x10	x11	x12	x13	x14	x15	x16	x17	x18	x19	x20	x21	x22	x23	x24	x25	x26	x27	x28	x29	x30	x31	x32	x33	x34	x35	x36	x37	x38	x39	x40	x41	x42	x43	x44	x45	x46	x47	x48	x49	x50	x51	x52	x53	x54	x55	x56	x57	x58	x59	x60	x61	x62	x63	x64	x65	x66	x67	x68	x69	x70	x71	x72	x73	x74	x75	x76	x77	x78	x79	x80	x81	x82	x83	x84	x85	x86	x87	x88	x89	x90	x91	x92	x93	x94	x95	x96	x97	x98	x99	x100	x101	x102	x103	x104	x105	x106	x107	x108	x109	x110	x111	x112	x113	x114	x115	x116	x117	x118	x119	x120	x121	x122	x123	x124	x125	x126	x127	x128	x129	x130	x131	x132	x133	x134	x135	x136	x137	x138	x139	x140	x141	x142	x143	x144	x145	x146	x147	x148	x149	x150	x151	x152	x153	x154	x155	x156	x157	x158	x159	x160	x161	x162	x163	x164	x165	x166	x167	x168	x169	x170	x171	x172	x173	x174	x175	x176	x177	x178	x179	x180	x181	x182	x183	x184	x185	x186	x187	x188	x189	x190	x191	x192	x193	x194	x195	x196	x197	x198	x199
has_crystal_system	-0.33552071	0.32987145	0.066328727	-0.40560514	-0.35061646	-0.084755637	-0.0060202572	0.062206943	0.066648692	0.024765002	-0.041524027	-0.00095157197	-0.24995074	-0.0095116599	0.37252122	-0.011974481	0.082907118	-0.39572337	-0.36532062	-0.32052943	-0.14555986	-0.3249976	0.12203429	-0.30131033	0.0085874861	0.19670789	-0.36789396	-0.034203663	-0.39472276	0.34122348	-0.052400809	-0.0095489928	0.079191655	0.017067341	0.28946546	-0.21484141	0.15463497	0.42121994	0.18528663	-0.31683514	-0.36427289	-0.3451297	-0.29848602	-0.020856058	-0.062060051	0.31019509	0.079681739	0.051150616	-0.043237522	-0.031753544	-0.084182881	0.39279774	0.037962083	-0.10231008	-0.14591095	-0.080900915	0.0026889881	-0.01360943	0.03139827	0.32102245	-0.027298208	0.13645108	-0.41377595	0.017781625	0.17788462	0.048852276	0.079267405	-0.039081819	-0.33408073	0.030354086	0.031884737	0.054049376	0.11564537	-0.036840416	-0.34966078	-0.42405865	-0.05235815	-0.38671681	-0.29764318	-0.10660884	0.23639837	0.41890392	-0.29603961	0.035194181	-0.011842785	0.39610133	-0.18769696	-0.026118437	-0.064404435	0.16361395	0.39094943	-0.28746665	-0.075032592	-0.10393132	0.020953894	-0.32101646	-0.027308457	-0.25516549	-0.42271376	-0.013217816	-0.018317349	-0.11054672	-0.27342576	-0.023411162	-0.030884627	-0.032590263	-0.4167009	-0.011007445	-0.38566402	-0.097966455	0.017345509	0.1925389	-0.17239545	-0.0017198994	0.22401878	0.40611446	-0.16328979	0.090256453	-0.06625127	-0.11783288	-0.11667508	0.098677494	-0.025839223	-0.022472493	-0.079479724	-0.13081162	0.10800745	0.011765907	-0.092443354	0.20039468	-0.39038357	0.0075858259	-0.17087507	-0.033757269	0.03181126	0.34159261	-0.14867197	-0.034519766	0.097140923	0.1135894	0.022629581	-0.419754	-0.0077328212	-0.047847845	0.35938394	0.05714329	0.27967629	0.12962779	-0.006058231	-0.26503247	0.0097559858	0.054757137	0.1030426	0.010913833	0.05166281	-0.04589121	0.0026778739	0.25971425	0.093041584	0.08258491	0.0049515427	0.031348351	0.060881965	-0.087495908	0.32142296	0.0012847139	0.074776791	-0.063544974	0.11614035	0.050091788	0.31487176	0.15227553	0.38211304	0.053976279	-0.030997476	0.021516712	0.42369094	-0.38545838	-0.12888171	0.15102793	-0.095447987	-0.29235739	-0.40035322	0.29029843	0.094661549	0.064339995	0.040358815	-0.10776886	-0.024340399	-0.22423548	0.36739507	-0.28676626	0.22549827	0.032250673	-0.40422329	-0.2253695	-0.35309711	-0.017790029	0.30869249	-0.061595988
has_lattice_type	-0.41701674	-0.34155491	0.16767387	0.37259638	0.34026334	-0.31685054	-0.19182175	-0.41617012	0.081135094	-0.05938492	-0.40035704	0.071196645	0.26124802	0.010539776	-0.15570797	0.42036122	-0.39409247	-0.068794534	-0.030050082	0.31989717	-0.40972874	-0.055391252	-0.064078279	-0.063412294	-0.022611614	-0.0069204168	-0.29637599	0.043827973	-0.36608052	0.10156907	-0.06164062	-0.076633148	0.12620428	-0.092056468	0.042807233	-0.061584745	0.15032355	0.3901718	0.065582342	-0.23986305	-0.044396903	0.026213011	0.29865909	-0.014035913	-0.36903837	0.038704388	0.20259854	0.080628365	-0.016849775	0.066876531	-0.07636787	0.014728652	-0.090666257	0.06963902	-0.38381922	0.0064932615	-0.34920913	0.04834358	-0.4087086	-0.06100709	-0.17821701	-0.32995996	-0.016707376	0.070876688	0.33772105	0.10481615	0.076415434	-0.070006669	-0.35866779	-0.13031846	0.032892894	-0.36500254	0.042450979	-0.081162319	0.11414237	0.34012228	-0.07651908	0.29273388	0.31499264	0.39567515	-0.0040038126	-0.20708662	0.091712423	0.13492593	0.38745886	-0.27768916	0.37462863	-0.014704643	0.11073505	0.3217833	0.40841699	0.37762961	-0.28890473	-0.069333404	0.055371098	0.066303164	0.13452204	-0.020709164	0.015986465	0.063112937	0.29815653	0.14062586	-0.35819641	0.41045445	-0.32541764	-0.08914239	0.036421854	-0.011085261	-0.0635432	0.055529431	0.064955428	0.038591657	-0.42202613	0.025994306	-0.018857269	0.27609044	-0.091305852	0.032430284	0.049809217	0.40574488	-0.30676565	0.064854331	-0.034253933	-0.27248257	-0.055550832	-0.024540182	0.038582183	0.17535484	-0.00146053	-0.3708916	0.17197235	-0.038323916	0.3393546	-0.054711133	0.014248635	0.26684168	0.021530299	0.20988347	-0.096561782	0.39140365	-0.30616152	0.15381841	-0.023083663	-0.048309539	0.07899598	0.0266547	0.26647252	-0.33096176	-0.059625145	-0.094564423	0.28070387	-0.026688173	0.37875852	-0.05014237	0.047641244	-0.012482098	0.016520707	-0.10734241	0.36230522	0.048099615	-0.039080478	0.23707378	0.034524996	-0.045806337	0.24597907	0.28751478	-0.28832239	0.0092148725	0.14234301	-0.092407115	0.0091323974	0.23457828	0.1811848	0.032226715	-0.035631709	0.023923712	-0.35632226	-0.056548294	-0.3333787	-0.00013501011	-0.012896031	0.21123986	0.41244432	0.13679841	0.10407344	0.21601413	0.0083007812	-0.027223628	-0.13038234	0.28626543	0.053596694	-0.036612067	0.060299452	-0.38292348	0.1453411	-0.030605149	-0.037264466	-0.34241197	-0.06737192	0.022670792
has_max_subgroup	0.044730805	0.03602745	-0.033752967	0.086348042	-0.036951054	0.35774136	0.053142034	0.088166043	-0.042473223	0.039459925	0.37588048	0.12663531	0.073762432	-0.041735739	-0.048038051	-0.049252417	-0.046592176	0.39073557	-0.035007406	0.02682361	0.05669358	0.38263685	0.037819661	0.096575871	-0.040132158	0.36920351	0.057221528	-0.024849689	-0.04639785	0.37973115	0.4239648	0.059520748	-0.079902448	-0.027662534	0.038687717	0.3644734	0.048258565	-0.046179969	0.37567124	-0.039589427	-0.024452487	-0.39618605	-0.021670658	0.39029121	0.034654457	0.033061698	0.33752975	0.048900027	-0.24535863	-0.046822116	-0.059785783	-0.05742991	-0.095249668	-0.054814119	0.078359865	-0.3144097	-0.051245779	-0.12459437	0.036785215	0.38150716	-0.1388759	0.040587239	-0.40021041	-0.059953284	-0.41685009	0.034424625	-0.038800485	0.38010129	0.073274411	-0.37568286	0.033441007	0.015519487	-0.38031134	-0.025444483	-0.33831447	0.14795531	-0.044006739	0.039360531	-0.0366439	0.40920255	0.066173524	-0.4190895	0.034224894	0.16814595	0.41530579	-0.036452118	-0.41890737	0.38704455	0.078043886	0.025493477	-0.35563394	-0.083919905	0.12141756	-0.34026474	0.034943108	-0.34854984	-0.41742757	-0.37102914	-0.026238041	-0.075400025	0.046714038	-0.04843149	-0.015719377	-0.047826465	-0.052019265	0.071138658	0.086873487	-0.41232297	0.045440916	0.37675902	0.03503187	-0.038543534	-0.37594524	0.048241679	0.068919756	0.20199594	-0.03048463	0.40065324	0.044163391	-0.11187409	0.08343149	-0.038598716	0.058275189	-0.03500982	-0.024752179	0.05259623	0.32884797	-0.068579257	-0.078237772	-0.40671846	0.41307208	0.038473845	0.048507478	-0.048333474	-0.092082366	-0.044903383	0.048076332	0.073911548	-0.36396021	0.063821435	0.030275283	0.34236103	0.11678978	-0.10003237	-0.039810482	-0.38528648	-0.39466777	-0.05678764	-0.051186126	-0.035743408	0.091971673	-0.027766274	0.055954956	-0.034080442	0.056729969	0.074734718	0.065535508	0.045847461	-0.14592414	0.073116615	0.31777647	0.036406659	-0.073118024	-0.29041684	0.033069443	0.41250998	0.026320433	-0.056402985	-0.016212089	-0.051765047	0.054053083	0.031883366	-0.042207915	-0.06343811	0.020334326	0.32363585	-0.2819052	-0.057485577	-0.42218968	-0.38695458	0.045105215	0.064190596	0.065731071	-0.0025503959	-0.083458915	0.062879093	-0.041440934	0.048176099	-0.026329286	-0.051993083	0.041120544	-0.043981083	0.33158603	0.035630599	-0.072471	0.028776418	-0.054909691	0.042079873	-0.38047531	-0.095817082
has_min_supergroup	-0.050462052	-0.30674317	-0.32114467	-0.12293847	0.37663928	0.031784844	-0.050099485	0.13000669	0.026016731	0.049819365	-0.03837844	0.42424133	0.068749689	0.050140209	0.046296593	0.04381001	0.061992947	0.077996291	-0.34903744	-0.4079417	0.055103753	-0.050670661	-0.047628067	-0.35574526	-0.25054178	0.37972659	-0.04395096	-0.28747001	0.035062548	0.063489489	0.041511387	-0.052613452	0.087561034	0.023184249	-0.047649786	-0.072313681	-0.045854785	-0.042940583	-0.27215874	-0.41402021	0.046560794	-0.32161355	0.30800346	0.41524005	-0.032316525	-0.30022648	0.034259886	-0.04458563	0.40755194	0.029023526	0.051023308	0.035137441	-0.093161196	0.04052721	0.099979989	-0.12658378	-0.28665364	0.096296355	-0.032928649	-0.35015178	-0.34052175	-0.058576599	0.40805331	0.068125091	0.08583995	-0.05193026	0.049298823	-0.044303957	0.37728426	-0.060860686	-0.0470789	-0.02040391	0.0099485461	0.050725035	0.092220522	0.16916616	0.054872762	-0.043716133	0.024214348	-0.042979218	0.36239624	0.062711999	-0.028801721	0.36005303	0.054572623	0.034332704	0.15267095	-0.051317167	-0.093854658	-0.046743903	-0.42042634	-0.35502723	0.11435386	-0.051444024	0.041272882	0.056992445	-0.40651554	-0.039982397	-0.36661881	0.083612956	0.40000319	0.048117224	-0.0023081084	0.041891508	0.039357141	-0.062768348	0.097737052	0.042265333	-0.037403166	-0.080321141	-0.023763401	0.057643838	0.14739898	-0.039683949	0.015280236	-0.2417506	0.024093883	0.030506669	0.030000372	0.12765545	-0.30260479	0.040439337	0.05499348	0.052646469	0.042708933	-0.049254905	0.083931342	0.071030475	0.41031134	0.38722992	-0.0558533	0.31721443	-0.41360906	0.40871713	-0.062598072	0.049620889	-0.046337474	-0.34440538	0.06285315	-0.071070328	-0.019165775	-0.4193536	-0.33510005	0.407635	0.033411138	-0.05227571	0.40994349	0.056372743	0.044430532	0.022270653	0.39121583	0.044157427	-0.0480772	0.02808062	-0.059003301	-0.071172915	-0.053142622	0.42216301	0.14016928	-0.069131844	0.045168951	-0.043741323	0.058878317	-0.046882778	-0.036332276	-0.059782647	-0.024883293	0.042213388	-0.012541543	0.062370241	-0.033445209	-0.035776369	0.032116421	0.33271968	0.025265714	0.02624492	-0.33202872	0.049606301	-0.20395638	0.075897053	-0.043320343	-0.039677668	-0.063204229	0.0069437441	-0.085035972	-0.050242249	0.036535311	-0.059950516	0.024041045	0.28587422	-0.035643362	0.36495793	0.39217335	-0.047441635	0.39254802	-0.044384971	0.052223492	-0.043161869	-0.13670929	0.36836478
has_multiplicity	0.34861806	-0.036578923	-0.061726224	0.06179668	0.19700648	0.079334691	-0.022324136	0.29026335	-0.088218026	-0.36497426	0.37932095	-0.022186924	0.42412788	-0.13982049	-0.064011529	0.016770221	0.079606175	0.096620947	-0.014971856	0.33195993	0.28362089	-0.041235622	0.055602416	-0.050464723	-0.04470145	-0.0067750076	0.084593475	0.063061595	-0.052666973	0.34819052	-0.043192729	0.082740948	0.320014	0.052713092	-0.037230138	-0.34380576	-0.098096885	0.033222854	-0.049742006	-0.12738509	0.15411282	-0.016637061	0.32366633	0.055238329	-0.3071554	0.32949218	-0.3761085	0.34906065	0.31417483	0.34488758	-0.024828972	0.093265653	-0.032841612	0.091646686	-0.0070841103	0.32368985	-0.040839914	0.10173298	-0.048448537	0.0459028	0.29677051	0.04823086	0.30862996	-0.017369187	-0.048183676	-0.084525615	0.37800267	-0.0098165246	-0.14634521	0.097701333	0.064590022	0.028960332	-0.33383873	0.062338486	0.010412034	-0.035066094	-0.36465597	-0.034862213	-0.035163932	-0.33396035	0.027418589	-0.05919781	0.32915789	0.05209491	-0.096918136	0.30838826	0.016325716	-0.36433911	0.031963881	-0.22081403	-0.25178573	0.054153647	-0.16383369	-0.040991772	-0.013685222	-0.38901448	0.33328971	0.12441646	-0.073963508	0.0768134	-0.088142551	-0.022731116	0.094423011	0.068131283	-0.31260607	0.39463922	0.36892015	-0.027322819	-0.086415879	-0.049679492	-0.056904089	0.013487949	0.05065221	0.043845698	0.02244658	-0.019719575	0.0058145225	-0.12298581	-0.37582928	0.34778848	-0.076105706	0.13341838	0.095245503	0.05571061	0.045509335	0.35455894	0.38989204	-0.062996864	-0.30239367	0.029033439	0.018086473	0.02113523	-0.087627552	0.050821498	0.067673489	-0.0478236	-0.29149538	-0.074384384	0.31231076	-0.076864421	0.29436883	0.078445263	0.053523872	-0.34825471	-0.099080287	-0.14965087	-0.33482036	0.048763338	0.15775448	-0.30055106	0.12182906	0.077953734	0.39689928	-0.29142678	0.35119101	-0.068517521	0.12661208	-0.051781081	0.068791606	-0.0049196533	0.42479944	0.37014607	-0.34800804	-0.038973156	-0.015553075	-0.026382767	-0.3053022	-0.087086327	0.019979836	0.42129901	-0.075097814	0.061528604	-0.022333775	0.011830135	-0.058527894	0.32359344	0.38906273	-0.39154315	0.0056751971	0.018889232	0.036954839	-0.21424504	-0.03028528	-0.04057489	-0.070758812	-0.36985061	-0.090798371	0.041091539	-0.060816694	0.020946037	-0.054512236	-0.049233943	0.36014083	-0.11673225	0.055181213	-0.0045506773	-0.098869734	0.10977414	0.10711579	-0.056420505
has_point_group	-0.073372051	-0.014195418	0.35482129	0.34645301	0.054455053	-0.028796731	-0.037793051	0.084476233	0.038935583	-0.39017245	0.037584405	0.3614701	-0.38561478	0.36478564	0.37997139	0.077598535	0.11672809	-0.072405674	-0.032530006	-0.075597703	-0.049719065	-0.35513964	-0.019707533	-0.033829805	0.093684621	0.10701729	-0.076072454	-0.02197564	-0.041880701	0.0048756264	0.35606453	-0.41069281	-0.28105006	0.077109315	0.074817181	-0.042915359	-0.38010821	-0.088039242	0.032312822	-0.42294425	-0.10767947	0.035596613	0.14110005	0.045438483	-0.13989656	-0.072798118	-0.012015025	0.21338108	-0.085817829	0.032034118	-0.12248142	-0.40642256	0.06989447	0.32783377	-0.39314833	-0.098340429	0.11146257	0.40714109	0.10093226	0.29877228	-0.31275925	0.34421882	0.38620096	0.13552609	0.29189885	0.019438837	-0.37813896	-0.059382889	-0.043719847	-0.32029495	0.14394464	0.13277453	-0.064139999	0.068833321	0.040154673	-0.39978716	0.073888518	-0.40982446	0.35740605	-0.14294733	-0.41797543	0.30279446	0.028645076	0.068923324	-0.0041165277	0.35933042	0.04886264	-0.28734273	-0.02784613	0.064074218	-0.019741176	-0.38371539	-0.39249468	0.094504677	-0.029704904	-0.3374939	-0.1329145	-0.41971004	0.32340893	0.10920621	0.10672703	0.0013498046	0.058178071	-0.085031286	-0.075808838	-0.0076764477	-0.11713944	-0.077404343	-0.20293589	0.32493386	0.071825475	0.38009834	0.29410875	-0.019480985	0.41033527	0.24222949	-0.040638924	0.13101137	-0.17830439	-0.13273887	0.050555013	0.098825648	-0.068313114	-0.035628777	-0.066251978	-0.095613547	0.3757636	-0.34044528	-0.0773139	-0.11241259	0.40812874	-0.11723253	0.14488944	0.033548392	0.047959242	0.15145402	-0.073160656	0.049203347	-0.051728725	0.050644953	0.10598565	0.17563988	0.28013909	-0.41934305	-0.29519185	-0.024905441	-0.012836484	0.41612646	-0.0073415861	-0.017388945	-0.078969494	-0.28455743	0.04691137	-0.36748675	-0.35339263	-0.35229579	-0.046407811	0.0053645563	-0.27844355	0.063597664	0.052367099	-0.28215313	0.048542187	0.42031044	0.3224088	0.19694988	-0.082365319	-0.030767374	0.11223263	-0.027824741	-0.33115235	0.13305821	-0.072028987	0.050925374	-0.36501545	-0.36827418	-0.098124824	-0.0099530257	-0.36629128	-0.4161087	0.01619214	0.01017232	0.063093811	0.044684183	0.14748028	0.34262106	0.096622534	-0.025814442	0.018948082	0.027625896	0.076822504	0.039320312	-0.32562658	-0.3512879	0.1165579	-0.36812502	-0.016984954	0.36239478	-0.12371421	0.40890798
has_site_symmetry	-0.25842768	0.012899141	-0.059590355	0.33601576	0.032921545	-0.034926184	-0.060024239	0.030372508	-0.18444024	-0.36524838	0.1364127	0.067901723	0.37734687	-0.074027866	0.35844561	-0.06486056	0.22722445	0.066053607	0.1331621	0.044180445	0.27825919	0.35435563	0.027608939	0.36694071	-0.029201875	0.023525625	0.035879713	0.42323133	-0.05488921	0.138643	-0.055269893	0.048785191	-0.30441141	-0.42357859	0.039963517	-0.02732601	-0.051773701	0.096794888	0.31619102	0.066448115	0.079553604	-0.079245508	0.052867234	0.011852943	0.41121018	0.045606501	0.0091316374	-0.047135606	0.28836647	0.034367129	-0.036018047	0.055630594	0.048031136	0.04179113	0.090866014	0.056650635	-0.26431903	-0.02493578	0.025219386	0.070395924	0.01031603	-0.31548971	-0.10581311	-0.043609403	0.35190222	-0.3610208	-0.050635681	0.047407854	-0.012480434	0.4168959	0.047713622	0.053564001	-0.40162146	0.049021866	-0.37983885	0.064707354	0.35886839	0.087814786	-0.38688892	-0.034828637	-0.32711637	-0.062923029	-0.050858483	-0.093908414	-0.068827644	0.093796372	0.10496336	0.3246026	0.059483465	0.0035929999	-0.41838521	0.28539598	-0.41587895	0.36364987	-0.327299	-0.057303194	-0.36257386	0.099986061	-0.095633626	0.062076095	0.018008292	-0.1106599	0.088899381	-0.032038365	-0.014874584	0.027243931	-0.3790673	0.035315942	-0.050651498	-0.02370061	0.0024470782	0.37759513	0.037668757	0.092547439	-0.0617438	-0.12278131	-0.043474559	-0.062766306	0.38789013	-0.10298841	-0.014432732	0.036338232	0.062396605	-0.020014564	0.17591771	-0.026069729	-0.40077862	0.27789915	-0.41067705	0.075676344	0.33928278	0.069363274	0.36151448	-0.0018958615	0.037539057	-0.06670586	-0.01465921	-0.057378523	-0.26194057	0.30498862	-0.37267336	0.064347014	0.38704091	-0.072203428	0.075235233	-0.12196299	0.3287954	-0.39072645	-0.33713549	0.08485727	0.063483566	0.3900376	0.07739988	0.0030964701	-0.024416059	-0.10498413	0.16112654	0.048580114	-0.34255356	0.023577159	-0.040615685	0.0871768	0.064175345	-0.0086236075	0.049721677	-0.085605502	0.038190089	-0.049926445	0.35346538	-0.030500608	0.025422167	0.12252711	-0.072089203	0.37575987	-0.34865093	-0.027169308	-0.038872615	-0.01655234	0.076903269	-0.39493191	0.36035603	-0.12435139	-0.034659501	-0.043173134	-0.3259595	0.083969451	-0.048929919	-0.40134755	-0.33355004	-0.0032502033	-0.05658523	-0.083996505	-0.3228665	-0.0041250531	-0.42272714	-0.013218081	-0.095319048	0.14943938	0.055318132	-0.2907224
has_wyckoff_position	-0.38900369	-0.38727686	-0.40368661	-0.070510864	-0.071688779	0.093722582	-0.030842716	0.049211111	0.098567642	0.066136733	-0.019244341	0.02797189	0.33871165	-0.047234945	-0.053062208	-0.13794267	0.10767221	-0.080629393	-0.30740657	-0.14813304	0.04054898	0.40385312	0.020392794	-0.054954972	-0.3892073	-0.42013249	-0.054511853	-0.0069543337	0.086034328	0.044693284	-0.25947839	-0.049759544	-0.036913302	-0.071412772	-0.32520896	0.017046224	0.10607518	-0.098265812	0.39273083	-0.056176297	0.051661663	0.068934023	0.41926798	0.045395784	0.38197377	-0.04257841	0.28559247	0.096980788	-0.015337293	-0.24226029	-0.10896845	-0.26818469	0.028103782	0.33161256	-0.06328474	-0.028579772	0.045827355	-0.048525102	0.053437777	-0.054591879	0.039153028	0.064933516	0.086221121	-0.013861225	0.35974905	0.046554018	-0.41738746	0.030160442	-0.42055368	-0.10449669	0.42056146	-0.10231781	0.39240995	0.062001474	-0.043003749	-0.037442077	-0.048654921	0.018127201	0.32061845	0.0057668742	0.34767184	-0.039238665	0.16781856	0.40280983	0.056652926	-0.093254328	0.021603113	-0.027611453	-0.069384977	-0.37443301	-0.30483252	0.38904059	0.056772985	-0.41064119	0.35962996	0.041724719	-0.038637675	-0.1311709	0.16075149	-0.052217364	-0.40520376	0.039933313	-0.059118953	-0.066974305	-0.084984243	-0.07246688	-0.0632331	0.32106945	-0.036167372	-0.054967649	0.090367198	-0.41733581	-0.075585373	-0.03900326	0.3156608	0.056156132	-0.082883455	0.086937539	0.30019251	-0.039073002	0.074859962	0.074805506	-0.058739204	-0.092881359	-0.16289485	0.33324513	0.03658041	0.067228287	-0.35500816	-0.055922877	0.012371935	-0.33048844	0.11318424	-0.054606758	0.036539257	0.12644555	-0.11712451	0.31735337	-0.00687268	0.09817677	0.084051609	0.038895242	-0.068326727	0.048632123	0.19267653	0.1068502	0.073512986	0.066949688	-0.090781949	-0.076804593	-0.10213256	-0.021194426	-0.03149876	0.35412273	-0.093487822	0.037723016	0.041156575	-0.37812498	-0.068241574	0.083387263	0.40951684	-0.10360028	0.08034128	-0.029769862	0.12545443	0.070255481	-0.13755758	0.032369882	0.34376046	-0.08500284	0.091706678	0.046325378	0.3263981	-0.012694311	0.11992294	0.38598251	-0.13764526	-0.33917925	-0.048008602	0.068023302	0.0991906	0.036048707	0.055426531	0.13793476	0.089757249	-0.37158555	0.11951876	-0.087496571	-0.12038985	0.10694565	0.095639788	-0.023595802	-0.011168027	-0.044189002	0.04773603	0.37733519	-0.034843039	-0.13839303	-0.17354065	0.045921862
operation_in_space_group	0.12096707	0.042466201	0.020171631	0.021993402	-0.069163963	-0.41653097	0.078132622	-0.030798551	-0.33768663	0.021318886	-0.022745771	-0.097317569	0.0038398756	0.077883229	0.38497362	0.029124627	-0.12477919	0.066237487	0.092358746	0.087907918	0.11603235	0.0418378	-0.10982585	0.10982326	-0.38238388	-0.32749811	-0.3563455	-0.10011804	0.051045809	-0.11448639	0.42262554	-0.0048312969	-0.039631628	0.059890632	-0.37089539	0.029237874	-0.098174267	-0.14151552	0.047346618	0.085733548	0.078259513	0.044528957	0.23034059	-0.049296696	0.2899707	-0.019047152	0.064577132	-0.0638441	-0.080160365	-0.063925497	0.071622014	-0.10271362	-0.14575046	-0.04517851	0.4043389	-0.017891388	-0.096187651	0.060935389	-0.06751959	-0.13182278	0.049244076	-0.24404582	0.027221257	0.068396024	-0.3519969	-0.089787073	-0.046791807	0.056434941	0.37473226	0.040046223	-0.17719243	-0.099913627	0.35819468	-0.11067922	0.32514688	0.0016136299	-0.1393216	0.36295986	-0.42111561	0.10539935	0.031027313	0.41504797	-0.0068581509	-0.014547773	0.087630987	0.11930811	-0.025344299	0.13985738	-0.024940861	-0.067328036	-0.10015146	-0.036086347	0.39969471	-0.10187326	-0.42162517	0.40006921	0.0070160152	0.10832521	-0.0098391427	-0.1153546	0.050273336	0.079291344	-0.27551737	0.10189097	0.11665178	0.29076028	0.35494497	-0.31412327	0.12747373	0.17693169	-0.15188181	0.055022504	0.063808069	0.0403587	-0.064890474	-0.046041656	0.18037327	-0.065423705	0.081031166	0.048042733	0.10369338	-0.14204974	-0.0092966687	-0.014694432	0.11784987	0.094674937	-0.10627725	0.01105057	-0.042328846	0.056624182	-0.07241793	0.040149804	-0.13182524	0.00096218672	-0.0061691208	-0.079379238	0.11089838	0.052541662	0.10967513	-0.098134287	-0.0078663733	-0.056148376	0.045525964	-0.39572993	-0.088389091	0.019465437	-0.36394536	-0.10727279	-0.024705021	0.057366859	-0.051071823	-0.0020636388	0.025251886	0.38857263	-0.35963529	-0.054717347	-0.043209206	0.40738022	-0.028837988	-0.13386574	0.089971662	-0.043564375	0.016211508	-0.073887326	-0.033686738	-0.35609397	-0.32365122	0.41701573	0.41548178	0.019649373	-0.039106242	-0.15551089	0.013203524	-0.40841308	-0.057326265	-0.070992529	0.026808733	0.083939485	-0.0079769529	-0.078094564	0.065322079	-0.3147628	-0.10367965	-0.10099138	-0.009373419	-0.010515052	-0.089063585	0.40012529	0.094765708	-0.01818959	0.036414903	0.37609902	0.31052217	-0.017357985	-0.11182144	0.08632455	0.1264284	-0.0034742355	-0.045816772	0.045029376
operation_in_wyckoff	0.2449677	0.39991364	0.033531643	-0.09420535	-0.10110117	0.053645406	0.39275333	0.05982646	0.40261373	-0.037786368	-0.067384988	-0.36208823	-0.064593635	-0.057465419	-0.38728839	0.060769588	-0.040498141	0.079512663	0.05859258	-0.07872545	0.38215393	0.33649975	-0.07609649	0.043782342	-0.37658581	-0.27448988	-0.16647305	-0.38543734	0.056771588	-0.046292156	-0.018148549	-0.089848638	0.29213259	-0.11155529	-0.058353417	0.070501104	0.076626442	-0.087614864	0.067221642	0.064171672	-0.046636384	-0.043799356	0.031754363	0.32607427	-0.076685704	-0.02380091	-0.016839676	0.049910024	-0.0596461	-0.060558069	-0.034830246	-0.04394488	-0.10193207	-0.38828626	-0.33169779	-0.007119949	0.0483419	-0.08522357	0.032533638	-0.13310753	0.10077845	-0.3980549	0.08515951	0.37891078	-0.014791429	0.043239381	0.071824975	-0.035543095	0.07412079	-0.076600373	0.39133418	-0.067675821	0.055566631	-0.10434808	-0.072275162	-0.072814956	-0.057068374	-0.27268147	0.37488407	0.10662281	-0.042873364	0.057070971	0.069815047	-0.3838214	0.074515618	0.05721407	-0.047307223	0.06518504	0.36678833	0.073205888	-0.028272104	-0.033681944	0.10182152	0.026036343	-0.33682564	0.1093142	-0.030543674	-0.057157826	0.10507063	-0.072039373	0.033159647	0.38147825	-0.1188791	0.083251342	0.029471578	-0.04370426	-0.076316796	-0.00029645258	0.028438298	0.12106844	-0.080239914	0.34831965	0.34034562	0.058804318	-0.39322865	0.11159113	-0.36970004	-0.062591583	0.057389691	0.063685566	0.068071663	-0.053481739	-0.06856221	-0.084269606	-0.073934138	0.070697322	-0.37315533	0.35029984	-0.071618453	0.35730305	-0.045659944	-0.080216549	0.032187957	-0.025087282	-0.05476759	0.045869667	-0.37130588	0.060736135	0.052076109	-0.02505528	0.071397662	-0.082150139	-0.087931767	0.093744852	0.056160819	0.11405164	-0.29544607	-0.041915573	-0.095362596	-0.31118077	-0.065882474	0.39028835	-0.046726149	-0.36927131	-0.054333866	0.37705961	-0.094389245	0.36725551	-0.10776105	-0.37430227	0.038804449	-0.12150291	-0.34435236	-0.10452282	-0.047586266	0.060848616	-0.025411071	-0.050349798	-0.32551575	-0.012707538	0.029027538	0.34368208	-0.0063194507	-0.34786543	0.085515097	-0.0074242526	-0.044621121	-0.38806462	0.069730006	0.039579209	0.045953576	0.063070327	-0.045487404	0.063200392	0.059418917	-0.13891329	0.33510378	0.27714524	0.045163438	0.077583559	0.066795573	0.087270848	0.029164664	0.049147319	-0.074914135	0.29933706	0.099293701	-0.10476432	-0.10407764	0.078676738
site_symmetry_of_wyckoff	0.025873471	-0.023842763	0.39948419	-0.035058498	-0.069946431	0.057507131	0.057356551	0.40133321	0.12160081	0.095528081	-0.1266793	-0.058120918	-0.16024175	0.088134125	0.41597044	0.040694535	-0.037240241	-0.074747592	-0.34898707	-0.070365109	0.043383934	-0.14389469	-0.037939359	-0.056075223	0.03590418	-0.037322193	-0.038062941	-0.065402701	0.1218084	-0.406243	0.074264139	0.37353587	0.05140223	-0.061160717	-0.0226606	0.06867633	0.052476652	-0.08739683	-0.067123204	-0.072446652	-0.096278317	0.052248932	-0.39144227	0.014500951	-0.057558101	-0.046312287	0.016942013	0.066997759	0.030952409	-0.062816396	-0.34146458	-0.060783692	-0.062772147	-0.060736582	-0.11739431	-0.055973362	-0.32503939	0.41409436	-0.020825433	-0.25017184	0.32991242	0.098199777	0.078083299	0.043851957	-0.32184625	-0.39900756	0.04862069	-0.061668083	-0.28559315	-0.076247491	-0.032606505	-0.08344385	0.0286412	-0.046564896	-0.05710106	0.38342363	0.32677421	-0.41305107	-0.34834847	0.035511803	0.36290202	0.06046503	0.07390853	0.06205089	0.081833266	-0.40014118	-0.38679275	0.051137179	-0.040727612	0.24490084	-0.36572665	-0.062774211	0.30505526	-0.038025163	-0.092862725	0.08002916	-0.07769116	-0.070167854	0.097013712	-0.05466326	0.41169533	0.12072938	-0.088827804	0.028985105	-0.091387875	-0.056514151	-0.21348836	-0.026614424	0.040322453	0.038528122	-0.035448004	-0.37371263	-0.025729459	-0.075221732	0.300713	0.35822058	0.045305464	0.042454503	-0.10151841	0.10813887	0.38634309	-0.06894733	-0.053759582	0.040636159	-0.14314844	-0.30706349	0.18065006	0.097328044	0.084673218	-0.28191829	-0.33976516	-0.054398157	0.11720306	0.022570925	-0.074717209	0.068281002	-0.28129995	0.31085655	-0.41604608	0.090589337	-0.34497058	-0.079312123	-0.032523047	0.080952227	-0.036545742	0.077401645	-0.064023539	0.093594477	-0.050185982	0.20673287	-0.069625355	-0.10342777	0.3198871	0.30808735	0.031852029	-0.40166238	-0.38841948	-0.35922155	-0.052288223	0.013724585	0.032319646	0.41181687	-0.061836686	-0.032963179	-0.038888875	0.04440074	-0.052246306	0.052349668	-0.068354167	0.020139657	0.11451238	-0.34065095	0.074522734	-0.20082793	-0.26529399	-0.29715744	0.023848081	0.023394462	-0.085793026	0.10567632	0.32346308	0.079392821	0.025015365	-0.39044502	-0.33976761	-0.11022571	-0.3692154	0.35576981	-0.40106219	0.021914791	0.06563738	0.101422	0.42379507	0.035863332	0.055674184	0.010175996	0.044795554	-0.14763397	-0.34423512	-0.4184199
space_group_has_operation	0.30388236	-0.038742632	-0.02397274	-0.033718623	0.087516449	-0.31849033	-0.099414341	0.024178814	0.42447346	-0.030857176	-0.36199558	0.095899515	-0.053365309	-0.086550802	-0.35747251	-0.020154098	0.13802104	-0.052448258	-0.39295188	-0.064792722	-0.099839933	-0.052422591	0.097225748	-0.089705132	-0.017091202	0.37921736	0.06750682	0.3412261	-0.048136648	0.10476638	-0.00030868265	-0.0071978164	-0.2968559	-0.39598796	0.055812083	-0.42151228	0.10323464	-0.27866399	-0.019735521	-0.091986485	-0.086293213	-0.41019249	0.03611261	0.033597518	0.017743737	0.34950367	-0.061939977	0.072693646	-0.044846028	0.09984272	-0.071870752	0.38314292	0.1190188	0.027847731	0.39877063	-0.081898518	0.40506813	-0.026233828	0.08615502	0.12729064	-0.041690059	0.39149758	-0.32728904	-0.066418268	0.007770773	0.070766546	0.065997653	-0.40690944	-0.36144212	-0.041756403	0.38611424	0.42200458	-0.014814951	0.11592054	0.054299571	-0.0050819181	0.39781544	0.32895693	-0.032752391	-0.096372828	-0.026889883	-0.37004599	0.016722187	-0.0040628221	-0.08910156	0.32356155	0.018235464	-0.15697841	-0.070997313	0.042897262	0.081372134	0.022876473	-0.0032626139	0.3384681	0.21952915	-0.040505782	0.0049169669	-0.37455297	0.0054413155	0.13637634	-0.063336276	-0.35566273	0.078684792	-0.11105316	-0.12250607	0.39204398	-0.03601427	-0.39002669	-0.11904255	-0.41843289	0.15560013	-0.05900529	-0.078951441	-0.03126388	0.041753061	-0.41332293	-0.1714974	0.078926921	-0.091738805	-0.027080681	-0.13178504	0.1306468	0.032142684	0.023573495	-0.1293834	-0.39542925	0.11850882	-0.020961562	0.052330658	-0.35193014	0.07220301	-0.050531983	0.11072246	0.0090915794	0.053600419	0.078772955	-0.093490891	0.2999692	-0.10035118	0.088459738	0.016621143	0.043357484	-0.037866104	-0.0084728319	0.073974378	-0.35037941	0.013294416	0.10593698	-0.35457596	-0.067471698	0.053695295	0.029424356	-0.023890097	0.41811359	0.054203484	0.05104861	0.40396142	-0.16533025	0.16084389	0.12373892	-0.079693452	0.38172948	0.32464719	-0.3010028	0.41734606	0.36630788	-0.42519605	-0.36079755	0.38205245	-0.042205829	0.044202466	0.15749228	0.0044852709	0.058344148	0.3737483	0.072062895	-0.026177779	-0.091270275	0.37954974	0.40859094	-0.077455916	0.023477061	0.055874266	0.37537926	0.01929253	0.013925301	0.075774036	-0.050523315	-0.097238235	-0.017460883	-0.022135437	-0.096026562	0.3967714	0.021936862	0.41526362	-0.093419552	-0.13327783	-0.018031344	0.050306849	-0.039899468
wyckoff_has_operation	-0.38116774	-0.072314575	-0.040166736	0.063646257	0.086586244	-0.04601419	-0.25392115	-0.058110941	-0.1260104	0.032565426	0.35616136	0.091335297	0.056953222	0.049744073	-0.065664507	-0.056077939	0.031925708	-0.050807942	-0.044235155	0.078151107	-0.091049179	0.044044469	0.081877217	-0.03748627	-0.29327276	-0.037593085	0.39961049	-0.26534098	-0.061225794	-0.31347576	-0.021587508	0.073067978	0.26664004	0.098446451	0.041624662	-0.38015154	-0.061819244	0.089644931	-0.05628084	-0.042833831	0.044335894	0.032847144	-0.025404153	0.019405432	0.077843003	0.029153353	-0.037781104	0.33442444	-0.29265651	0.053040143	0.039420422	-0.35637072	0.087803811	0.13421035	0.33732671	0.041687232	0.35719663	0.073408797	-0.027873384	0.12094141	-0.088915743	0.33054256	-0.092264384	-0.098813877	0.026262496	0.4039765	-0.062930018	0.026120773	-0.060437042	0.081437193	0.064638868	-0.29811844	-0.084612042	0.08627589	0.055907652	0.05296766	0.059261832	-0.0324255	-0.0785584	-0.36276209	0.044534765	-0.038326789	-0.061808463	0.10634558	-0.070192248	-0.0508864	0.034754924	-0.39172718	0.32651317	-0.070811972	-0.31250656	0.030699559	-0.08229889	0.37704712	0.40230304	-0.10518013	0.030700592	0.055220764	-0.069416702	0.056475364	-0.037185963	-0.11856926	0.14971323	-0.39423957	-0.036654815	0.034730565	0.071637116	0.015084637	-0.041676316	-0.067146137	0.39008269	-0.39207125	0.059932228	-0.040531009	0.064150088	-0.37343407	-0.087471664	0.086623795	-0.063741997	-0.06061374	-0.082077801	0.043904074	0.065266147	0.080747202	0.069707669	-0.07951878	0.016836543	0.037689824	0.056372222	-0.35839489	0.064652041	0.083728351	-0.010098359	0.0306911	0.056892838	-0.044793796	0.33674952	-0.35568303	-0.052823242	-0.030330606	-0.080644444	0.33489051	0.0804056	-0.09547437	-0.067553349	-0.11669534	-0.016819872	-0.36888131	0.077509396	-0.33495724	0.075055003	0.067662694	0.055345319	0.32241127	0.07814613	-0.32271951	0.075844698	-0.080483675	0.11431392	-0.092099465	-0.055077482	0.40016553	-0.098475851	0.36272821	0.047362555	-0.054954804	0.046669569	0.35478565	0.32148823	-0.018676018	-0.030797994	0.052726343	-0.31195945	0.079711907	-0.090449609	0.030836044	-0.0092562558	0.088438898	-0.069015555	-0.039677005	-0.044652853	-0.073411196	0.048360832	-0.38295308	-0.060875669	0.098974422	-0.37679446	0.017262239	-0.068180658	-0.089608163	-0.049202908	-0.087509878	-0.020607341	-0.038335998	0.07842356	0.074947707	-0.38842684	0.11482187	0.11355469	-0.069449209
wyckoff_in_space_group	0.37273347	0.032591753	-0.11695129	0.059652116	0.078037418	0.35855538	0.042858589	-0.06808757	-0.36476997	-0.34000048	-0.40429789	-0.037455477	0.10173181	-0.30326867	0.033163823	0.365087	-0.07268776	0.0825729	-0.29343051	0.13829055	0.38261783	0.1030378	-0.026832376	0.047943123	-0.035977095	-0.080027327	0.066672333	-0.38403255	0.39170891	-0.41058865	-0.043752182	0.051269412	-0.39463899	0.078283422	0.077767797	0.37592787	-0.11553624	0.087222196	-0.070361957	0.053570557	-0.038330086	-0.055408414	-0.087891877	-0.3998889	0.10618205	0.013585378	0.28107944	-0.1048677	0.021123033	0.37398401	0.094595633	-0.068650611	-0.034795143	0.14769433	0.065303534	0.047632635	-0.055853661	0.040772893	-0.053820584	0.066948391	-0.014040006	-0.06475582	-0.098448686	0.027709939	-0.0059571662	-0.055655655	-0.12824698	0.13471058	-0.079192519	0.09158802	0.11762495	0.32316053	0.37839144	0.33272931	-0.40894863	0.033534557	0.055189162	0.024644712	0.37453449	0.0072628874	-0.055246979	0.032631561	-0.42469016	0.4038789	-0.042383235	0.095827647	-0.012104373	0.020264152	0.043088224	-0.15445946	-0.034113433	0.044894952	-0.041974884	0.32243255	0.029864911	-0.059217915	0.03284635	0.11434222	0.35627031	0.054894652	0.069753677	-0.043240409	0.081768945	0.065755978	-0.15512674	0.057208154	0.055301901	0.42361209	0.033933092	0.060438957	-0.073924184	-0.028241169	-0.026569387	0.039984651	-0.04365867	-0.050291333	0.1044781	-0.062813759	0.023135716	0.027381025	-0.072460853	-0.11338276	0.076734707	0.30560169	0.18294911	-0.40235549	-0.037610583	-0.066444427	-0.31582668	0.06838578	-0.038114294	0.3355031	-0.10294078	0.38748842	-0.042148124	-0.15253237	0.10077062	-0.024163738	-0.0035714065	-0.11554267	0.25415248	-0.35253751	-0.2581566	-0.03421896	0.032019574	-0.094187617	-0.058423255	-0.06426309	0.047067918	0.082320362	0.10455696	0.0080092764	0.060558632	0.045252655	0.38387921	-0.41311768	-0.02202078	0.090012141	0.069262065	-0.093425371	-0.083409697	0.10692912	-0.056305911	0.038355079	0.33640504	-0.060950439	0.4210588	-0.2804642	-0.10149142	0.095246144	-0.071366154	-0.32714406	0.28095686	0.037238974	0.28880399	-0.12982334	0.41728413	0.39782032	0.055907644	-0.067348845	-0.42055374	-0.042108592	-0.023274146	-0.39072946	-0.076654769	0.066406026	0.33705562	0.41779688	0.11469024	0.33350179	-0.070820279	0.025809765	0.013759147	0.07765197	-0.047018826	0.39607748	0.046843182	0.12119868	0.38536093	-0.054343138
